OBJECTID,Area,Area_Name,Area_sqkm,ORIG_FID,y_coord,x_coord
1,0.00000000000,,2140320.15006000000,0,9.66225831914,-90.43510488590
2,0.00000000000,,2140320.15006000000,0,9.55319061212,-90.57253019480
3,0.00000000000,,2140320.15006000000,0,9.31638149968,-90.65328249520
4,0.00000000000,,2140320.15006000000,0,9.14964009976,-90.57907425730
5,0.00000000000,,2140320.15006000000,0,9.15836551751,-90.44819301090
6,0.00000000000,,2140320.15006000000,0,9.35686874080,-90.33258124140
7,0.00000000000,,2140320.15006000000,0,9.46157374060,-90.19515593240
8,0.00000000000,,2140320.15006000000,0,9.49647540500,-90.11226447540
9,0.00000000000,,2140320.15006000000,0,9.52483301021,-89.95520697900
10,0.00000000000,,2140320.15006000000,0,9.53137707269,-89.85486468970
11,0.00000000000,,2140320.15006000000,0,9.53137707269,-89.75452239710
12,0.00000000000,,2140320.15006000000,0,9.53137707269,-89.67163094000
13,0.00000000000,,2140320.15006000000,0,9.54664654963,-89.57128865080
14,0.00000000000,,2140320.15006000000,0,9.59027363508,-89.47530906870
15,0.00000000000,,2140320.15006000000,0,9.72333623679,-89.35097188480
16,0.00000000000,,2140320.15006000000,0,9.82790143673,-89.26910844070
17,0.00000000000,,2140320.15006000000,0,9.67536523821,-88.97136762470
18,0.00000000000,,2140320.15006000000,0,9.55211617940,-87.62761762250
19,0.00000000000,,2140320.15006000000,0,8.71904638511,-87.37761762270
20,0.00000000000,,2140320.15006000000,0,9.08954027324,-86.31511762350
21,0.00000000000,,2140320.15006000000,0,9.05868032581,-84.94011762460
22,0.00000000000,,2140320.15006000000,0,9.61374548070,-83.56511762240
23,0.00000000000,,2140320.15006000000,0,9.73697259934,-82.90886762620
24,0.00000000000,,2140320.15006000000,0,9.49047449159,-82.34636762340
25,0.00000000000,,2140320.15006000000,0,9.30548456398,-81.87761762380
26,0.00000000000,,2140320.15006000000,0,8.90434053372,-81.75261762390
27,0.00000000000,,2140320.15006000000,0,8.16262224450,-81.94011762370
28,0.00000000000,,2140320.15006000000,0,7.85315921787,-81.37761762090
29,0.00000000000,,2140320.15006000000,0,7.88922313510,-81.34946348590
30,0.00000000000,,2140320.15006000000,0,7.86465711949,-81.07929311270
31,0.00000000000,,2140320.15006000000,0,7.89606861877,-80.97982336230
32,0.00000000000,,2140320.15006000000,0,7.98681295148,-80.90478478080
33,0.00000000000,,2140320.15006000000,0,8.10198844664,-80.86988311640
34,0.00000000000,,2140320.15006000000,0,8.25032052859,-80.81753061650
35,0.00000000000,,2140320.15006000000,0,8.38294685925,-80.72853136800
36,0.00000000000,,2140320.15006000000,0,8.45807282878,-80.63180694090
37,0.00000000000,,2140320.15006000000,0,8.45771859351,-80.63080143850
38,0.00000000000,,2140320.15006000000,0,7.88411644347,-79.00261762280
39,0.00000000000,,2140320.15006000000,0,7.60542228264,-78.78386762620
40,0.00000000000,,2140320.15006000000,0,6.76828077469,-77.87761762700
41,0.00000000000,,2140320.15006000000,0,6.20936754238,-76.94011762440
42,0.00000000000,,2140320.15006000000,0,5.24543407886,-75.78386762530
43,0.00000000000,,2140320.15006000000,0,4.50750080345,-76.49385107370
44,0.00000000000,,2140320.15006000000,0,4.48554738831,-76.51505080560
45,0.00000000000,,2140320.15006000000,0,4.50220361505,-76.54836326240
46,0.00000000000,,2140320.15006000000,0,4.52437631993,-76.55168916790
47,0.00000000000,,2140320.15006000000,0,4.54979283523,-76.55550164570
48,0.00000000000,,2140320.15006000000,0,4.53789553183,-76.58405517590
49,0.00000000000,,2140320.15006000000,0,4.50220361505,-76.62212655270
50,0.00000000000,,2140320.15006000000,0,4.47365008492,-76.63878277940
51,0.00000000000,,2140320.15006000000,0,4.45461439487,-76.67447469290
52,0.00000000000,,2140320.15006000000,0,4.46175277822,-76.72682283640
53,0.00000000000,,2140320.15006000000,0,4.45461439487,-76.76965313330
54,0.00000000000,,2140320.15006000000,0,4.41416355804,-76.78868882330
55,0.00000000000,,2140320.15006000000,0,4.39274840797,-76.76965313330
56,0.00000000000,,2140320.15006000000,0,4.35705649448,-76.76251475320
57,0.00000000000,,2140320.15006000000,0,4.32136457770,-76.77203259660
58,0.00000000000,,2140320.15006000000,0,4.30470835096,-76.81248343340
59,0.00000000000,,2140320.15006000000,0,4.27615482083,-76.84579588690
60,0.00000000000,,2140320.15006000000,0,4.23808344403,-76.87196995700
61,0.00000000000,,2140320.15006000000,0,4.21666829396,-76.92193864050
62,0.00000000000,,2140320.15006000000,0,4.17859691715,-76.93145648390
63,0.00000000000,,2140320.15006000000,0,4.15956123040,-76.91955917720
64,0.00000000000,,2140320.15006000000,0,4.10959255019,-76.94811271060
65,0.00000000000,,2140320.15006000000,0,4.05962386669,-76.99808139080
66,0.00000000000,,2140320.15006000000,0,4.00965518649,-77.01949654090
67,0.00000000000,,2140320.15006000000,0,3.97643054984,-77.02124520650
68,0.00000000000,,2140320.15006000000,0,3.96039827460,-77.02023164760
69,0.00000000000,,2140320.15006000000,0,3.92028789818,-77.05882281200
70,0.00000000000,,2140320.15006000000,0,3.90237466655,-77.07605756650
71,0.00000000000,,2140320.15006000000,0,3.80663539765,-77.16817063320
72,0.00000000000,,2140320.15006000000,0,3.78972967013,-77.18443604230
73,0.00000000000,,2140320.15006000000,0,3.79041759872,-77.19997865850
74,0.00000000000,,2140320.15006000000,0,3.82039880751,-77.18712956720
75,0.00000000000,,2140320.15006000000,0,3.85038001629,-77.20711704190
76,0.00000000000,,2140320.15006000000,0,3.86608445835,-77.24280895540
77,0.00000000000,,2140320.15006000000,0,3.87322284171,-77.27279016420
78,0.00000000000,,2140320.15006000000,0,3.89606566713,-77.29706066820
79,0.00000000000,,2140320.15006000000,0,3.91748081721,-77.31562046100
80,0.00000000000,,2140320.15006000000,0,3.95174505534,-77.31704813970
81,0.00000000000,,2140320.15006000000,0,3.98886464748,-77.32704187370
82,0.00000000000,,2140320.15006000000,0,4.01456282690,-77.33132490640
83,0.00000000000,,2140320.15006000000,0,4.04454403569,-77.32846955240
84,0.00000000000,,2140320.15006000000,0,4.05473070028,-77.34476821640
85,0.00000000000,,2140320.15006000000,0,4.06453150711,-77.32418652300
86,0.00000000000,,2140320.15006000000,0,4.07309756582,-77.29848834360
87,0.00000000000,,2140320.15006000000,0,4.08451897853,-77.27707319350
88,0.00000000000,,2140320.15006000000,0,4.12163857067,-77.26279642680
89,0.00000000000,,2140320.15006000000,0,4.14733675009,-77.27136248880
90,0.00000000000,,2140320.15006000000,0,4.17160725087,-77.28992228490
91,0.00000000000,,2140320.15006000000,0,4.20158845965,-77.31133743170
92,0.00000000000,,2140320.15006000000,0,4.20872684301,-77.34131864040
93,0.00000000000,,2140320.15006000000,0,4.18160098823,-77.37272752790
94,0.00000000000,,2140320.15006000000,0,4.16875190016,-77.40984711670
95,0.00000000000,,2140320.15006000000,0,4.16018583816,-77.44553903350
96,0.00000000000,,2140320.15006000000,0,4.16732422151,-77.46980953430
97,0.00000000000,,2140320.15006000000,0,4.18017331288,-77.50978448040
98,0.00000000000,,2140320.15006000000,0,4.15875816280,-77.53262730580
99,0.00000000000,,2140320.15006000000,0,4.16018583816,-77.54975942660
100,0.00000000000,,2140320.15006000000,0,4.15019210409,-77.57117457330
101,0.00000000000,,2140320.15006000000,0,4.16161351681,-77.58687901870
102,0.00000000000,,2140320.15006000000,0,4.17160725087,-77.60258346080
103,0.00000000000,,2140320.15006000000,0,4.16446886751,-77.62114325680
104,0.00000000000,,2140320.15006000000,0,4.15733048745,-77.64684143300
105,0.00000000000,,2140320.15006000000,0,4.12877695402,-77.65969052430
106,0.00000000000,,2140320.15006000000,0,4.09879574524,-77.64826911160
107,0.00000000000,,2140320.15006000000,0,4.06738686111,-77.63256466950
108,0.00000000000,,2140320.15006000000,0,4.03883332768,-77.62542628620
109,0.00000000000,,2140320.15006000000,0,4.00456908955,-77.62828164020
110,0.00000000000,,2140320.15006000000,0,3.97744323477,-77.64113072830
111,0.00000000000,,2140320.15006000000,0,3.95317273069,-77.65540749500
112,0.00000000000,,2140320.15006000000,0,3.92176384656,-77.66682890770
113,0.00000000000,,2140320.15006000000,0,3.89749334249,-77.69538243780
114,0.00000000000,,2140320.15006000000,0,3.87893354972,-77.72250829590
115,0.00000000000,,2140320.15006000000,0,3.85323537029,-77.75248950470
116,0.00000000000,,2140320.15006000000,0,3.82896486622,-77.76533859270
117,0.00000000000,,2140320.15006000000,0,3.79755598208,-77.78960909350
118,0.00000000000,,2140320.15006000000,0,3.77043012730,-77.78675374280
119,0.00000000000,,2140320.15006000000,0,3.74187659388,-77.76533859270
120,0.00000000000,,2140320.15006000000,0,3.71617841445,-77.73821273800
121,0.00000000000,,2140320.15006000000,0,3.68476953032,-77.71108688320
122,0.00000000000,,2140320.15006000000,0,3.67049276360,-77.67682264170
123,0.00000000000,,2140320.15006000000,0,3.71189538509,-77.66540122900
124,0.00000000000,,2140320.15006000000,0,3.74044891852,-77.64113072830
125,0.00000000000,,2140320.15006000000,0,3.74330426923,-77.60401113610
126,0.00000000000,,2140320.15006000000,0,3.74330426923,-77.57831295670
127,0.00000000000,,2140320.15006000000,0,3.73045518116,-77.54547639720
128,0.00000000000,,2140320.15006000000,0,3.71046770974,-77.53548265980
129,0.00000000000,,2140320.15006000000,0,3.68476953032,-77.54975942660
130,0.00000000000,,2140320.15006000000,0,3.66906508825,-77.57402992730
131,0.00000000000,,2140320.15006000000,0,3.64622226283,-77.58687901870
132,0.00000000000,,2140320.15006000000,0,3.63194549611,-77.58545134000
133,0.00000000000,,2140320.15006000000,0,3.64051155482,-77.55689780990
134,0.00000000000,,2140320.15006000000,0,3.65193296753,-77.53548265980
135,0.00000000000,,2140320.15006000000,0,3.65336064618,-77.50407377570
136,0.00000000000,,2140320.15006000000,0,3.62623478811,-77.48265862560
137,0.00000000000,,2140320.15006000000,0,3.62052408340,-77.45838812160
138,0.00000000000,,2140320.15006000000,0,3.63765620082,-77.43411762080
139,0.00000000000,,2140320.15006000000,0,3.66763740960,-77.41270247070
140,0.00000000000,,2140320.15006000000,0,3.68619720567,-77.39271499930
141,0.00000000000,,2140320.15006000000,0,3.70761235574,-77.37129984920
142,0.00000000000,,2140320.15006000000,0,3.72902750581,-77.35702308250
143,0.00000000000,,2140320.15006000000,0,3.74615962323,-77.34417399440
144,0.00000000000,,2140320.15006000000,0,3.76757477330,-77.33418025710
145,0.00000000000,,2140320.15006000000,0,3.77756851066,-77.30990975630
146,0.00000000000,,2140320.15006000000,0,3.79898365743,-77.26850713480
147,0.00000000000,,2140320.15006000000,0,3.78613456937,-77.23138754270
148,0.00000000000,,2140320.15006000000,0,3.78906104348,-77.20992673470
149,0.00000000000,,2140320.15006000000,0,3.76692070639,-77.20638109750
150,0.00000000000,,2140320.15006000000,0,3.75848201488,-77.21450016730
151,0.00000000000,,2140320.15006000000,0,3.71886399500,-77.25261762090
152,0.00000000000,,2140320.15006000000,0,3.34456541845,-77.40886762070
153,0.00000000000,,2140320.15006000000,0,2.84528067622,-77.62761762390
154,0.00000000000,,2140320.15006000000,0,2.93891432686,-77.25261762090
155,0.00000000000,,2140320.15006000000,0,3.37576225807,-76.47136762480
156,0.00000000000,,2140320.15006000000,0,2.75647166724,-74.86545917080
157,0.00000000000,,2140320.15006000000,0,2.37700465126,-74.69011762620
158,0.00000000000,,2140320.15006000000,0,2.08248176790,-74.56654047040
159,0.00000000000,,2140320.15006000000,0,1.40876605990,-74.28385999210
160,0.00000000000,,2140320.15006000000,0,0.84636088826,-74.50261762630
161,0.00000000000,,2140320.15006000000,0,-0.12238579999,-74.28385999210
162,0.00000000000,,2140320.15006000000,0,-0.15363657494,-74.25261762320
163,0.00000000000,,2140320.15006000000,0,-0.71613374499,-74.31511762650
164,0.00000000000,,2140320.15006000000,0,-0.90362009530,-74.75261762610
165,0.00000000000,,2140320.15006000000,0,-1.40353081057,-74.56511762300
166,0.00000000000,,2140320.15006000000,0,-2.18441269099,-75.44011762560
167,0.00000000000,,2140320.15006000000,0,-2.62153837185,-75.59636762550
168,0.00000000000,,2140320.15006000000,0,-2.87125751219,-75.25260999470
169,0.00000000000,,2140320.15006000000,0,-5.29325225461,-73.94960145350
170,0.00000000000,,2140320.15006000000,0,-5.53410338412,-73.99252436210
171,0.00000000000,,2140320.15006000000,0,-5.64927888257,-74.07977852640
172,0.00000000000,,2140320.15006000000,0,-5.78190521323,-74.20193435840
173,0.00000000000,,2140320.15006000000,0,-6.23889890312,-74.36051880350
174,0.00000000000,,2140320.15006000000,0,-6.60972910633,-74.74443713170
175,0.00000000000,,2140320.15006000000,0,-6.98492201348,-75.11526733160
176,0.00000000000,,2140320.15006000000,0,-7.36884034167,-75.35957899560
177,0.00000000000,,2140320.15006000000,0,-7.61315200236,-75.55153815640
178,0.00000000000,,2140320.15006000000,0,-7.90109074851,-75.78276169540
179,0.00000000000,,2140320.15006000000,0,-8.31554803387,-75.82638877760
180,0.00000000000,,2140320.15006000000,0,-8.56422240509,-75.76094815270
181,0.00000000000,,2140320.15006000000,0,-8.62530031944,-75.60825336350
182,0.00000000000,,2140320.15006000000,0,-8.55985969457,-75.32904003510
183,0.00000000000,,2140320.15006000000,0,-8.26755824120,-74.94075900300
184,0.00000000000,,2140320.15006000000,0,-8.03197199496,-74.63973213190
185,0.00000000000,,2140320.15006000000,0,-7.77893491651,-74.16855963940
186,0.00000000000,,2140320.15006000000,0,-7.58261304519,-73.68866173250
187,0.00000000000,,2140320.15006000000,0,-7.46481992372,-73.23930278270
188,0.00000000000,,2140320.15006000000,0,-7.44376974321,-72.90956122180
189,0.00000000000,,2140320.15006000000,0,-8.06457254160,-72.59636762130
190,0.00000000000,,2140320.15006000000,0,-9.32155504409,-72.03366201780
191,0.00000000000,,2140320.15006000000,0,-9.67012998888,-71.87761762510
192,0.00000000000,,2140320.15006000000,0,-10.28568574840,-71.40886762550
193,0.00000000000,,2140320.15006000000,0,-12.70243012110,-70.92930296010
194,0.00000000000,,2140320.15006000000,0,-13.30739954050,-71.00165302270
195,0.00000000000,,2140320.15006000000,0,-13.83790486970,-70.98769235890
196,0.00000000000,,2140320.15006000000,0,-14.23578386170,-70.82714469080
197,0.00000000000,,2140320.15006000000,0,-14.50103651970,-70.40134437120
198,0.00000000000,,2140320.15006000000,0,-14.98267951410,-69.94064237410
199,0.00000000000,,2140320.15006000000,0,-15.15148428760,-69.62815578650
200,0.00000000000,,2140320.15006000000,0,-16.60408517720,-69.53386762370
201,0.00000000000,,2140320.15006000000,0,-17.23193857180,-69.69011762360
202,0.00000000000,,2140320.15006000000,0,-18.51083490280,-70.50261762620
203,0.00000000000,,2140320.15006000000,0,-20.95939305220,-68.98552188460
204,0.00000000000,,2140320.15006000000,0,-21.34815827230,-68.74464786190
205,0.00000000000,,2140320.15006000000,0,-21.50172065690,-68.64950254120
206,0.00000000000,,2140320.15006000000,0,-24.86587068890,-66.56511762280
207,0.00000000000,,2140320.15006000000,0,-25.48429628290,-65.59477053750
208,0.00000000000,,2140320.15006000000,0,-26.72275850020,-64.72136762420
209,0.00000000000,,2140320.15006000000,0,-27.94420930890,-64.19011762470
210,0.00000000000,,2140320.15006000000,0,-29.27985246290,-63.74061952800
211,0.00000000000,,2140320.15006000000,0,-30.15679285140,-63.44011762200
212,0.00000000000,,2140320.15006000000,0,-31.57838174560,-62.90886762240
213,0.00000000000,,2140320.15006000000,0,-32.57369720310,-62.80263725680
214,0.00000000000,,2140320.15006000000,0,-33.28039650910,-62.70782846230
215,0.00000000000,,2140320.15006000000,0,-34.25333987740,-62.88989142110
216,0.00000000000,,2140320.15006000000,0,-34.82006380000,-62.37761762610
217,0.00000000000,,2140320.15006000000,0,-35.63690492920,-61.78386762660
218,0.00000000000,,2140320.15006000000,0,-35.73842927780,-61.97136762310
219,0.00000000000,,2140320.15006000000,0,-35.58609315940,-63.03386762560
220,0.00000000000,,2140320.15006000000,0,-35.55602629060,-63.25948053790
221,0.00000000000,,2140320.15006000000,0,-35.67610802790,-63.40485742200
222,0.00000000000,,2140320.15006000000,0,-35.78081302110,-63.62822808870
223,0.00000000000,,2140320.15006000000,0,-35.99022302400,-63.80273642060
224,0.00000000000,,2140320.15006000000,0,-36.63241367340,-63.77481508640
225,0.00000000000,,2140320.15006000000,0,-36.99539100420,-64.12383174690
226,0.00000000000,,2140320.15006000000,0,-37.34440766470,-64.31230074260
227,0.00000000000,,2140320.15006000000,0,-37.85630328590,-64.84852395910
228,0.00000000000,,2140320.15006000000,0,-37.96080629280,-64.90780700910
229,0.00000000000,,2140320.15006000000,0,-38.01969795140,-64.94349892260
230,0.00000000000,,2140320.15006000000,0,-38.13569667680,-64.89174564740
231,0.00000000000,,2140320.15006000000,0,-38.25583328600,-64.85535528200
232,0.00000000000,,2140320.15006000000,0,-38.26280900930,-64.85884890320
233,0.00000000000,,2140320.15006000000,0,-38.67466661490,-65.06511762730
234,0.00000000000,,2140320.15006000000,0,-40.74189302370,-65.65886762350
235,0.00000000000,,2140320.15006000000,0,-41.40153047530,-66.09636762310
236,0.00000000000,,2140320.15006000000,0,-41.58877870550,-65.90886762660
237,0.00000000000,,2140320.15006000000,0,-43.00965890500,-65.59295274690
238,0.00000000000,,2140320.15006000000,0,-43.97362825180,-65.34636762370
239,0.00000000000,,2140320.15006000000,0,-44.03608992480,-65.41264593310
240,0.00000000000,,2140320.15006000000,0,-43.91505471770,-65.66898962830
241,0.00000000000,,2140320.15006000000,0,-43.79726159290,-65.77369462480
242,0.00000000000,,2140320.15006000000,0,-43.63147868210,-65.97874191390
243,0.00000000000,,2140320.15006000000,0,-43.52241097500,-66.03981982830
244,0.00000000000,,2140320.15006000000,0,-43.44824493240,-66.16197566030
245,0.00000000000,,2140320.15006000000,0,-43.38716701810,-66.34084669940
246,0.00000000000,,2140320.15006000000,0,-43.40025514300,-66.40192461370
247,0.00000000000,,2140320.15006000000,0,-43.45697035020,-66.43246357090
248,0.00000000000,,2140320.15006000000,0,-43.67074305370,-66.44118898870
249,0.00000000000,,2140320.15006000000,0,-43.81471242840,-66.36702294930
250,0.00000000000,,2140320.15006000000,0,-43.91069201050,-66.22741628510
251,0.00000000000,,2140320.15006000000,0,-43.98049534260,-66.04418253880
252,0.00000000000,,2140320.15006000000,0,-44.05466138190,-65.83477254250
253,0.00000000000,,2140320.15006000000,0,-44.20213251670,-65.79407596430
254,0.00000000000,,2140320.15006000000,0,-44.33204027250,-65.72667995530
255,0.00000000000,,2140320.15006000000,0,-44.53318712180,-65.94011762330
256,0.00000000000,,2140320.15006000000,0,-44.94294846500,-65.84119888710
257,0.00000000000,,2140320.15006000000,0,-45.02334043250,-65.82179180670
258,0.00000000000,,2140320.15006000000,0,-45.43933794010,-65.72136762340
259,0.00000000000,,2140320.15006000000,0,-45.83839525840,-65.66356597960
260,0.00000000000,,2140320.15006000000,0,-47.02185139360,-65.49214772850
261,0.00000000000,,2140320.15006000000,0,-47.05767104360,-65.52259986470
262,0.00000000000,,2140320.15006000000,0,-47.18783078670,-65.46810636790
263,0.00000000000,,2140320.15006000000,0,-47.36092917210,-65.50491256790
264,0.00000000000,,2140320.15006000000,0,-47.41884692780,-65.49832602660
265,0.00000000000,,2140320.15006000000,0,-48.84267370470,-65.68457951840
266,0.00000000000,,2140320.15006000000,0,-48.79086616110,-65.48255895290
267,0.00000000000,,2140320.15006000000,0,-48.93068892280,-65.36796180750
268,0.00000000000,,2140320.15006000000,0,-49.05099080730,-65.43639143910
269,0.00000000000,,2140320.15006000000,0,-49.09275884020,-65.47399575670
270,0.00000000000,,2140320.15006000000,0,-49.59037808380,-65.05497633360
271,0.00000000000,,2140320.15006000000,0,-49.72123408560,-64.95459597140
272,0.00000000000,,2140320.15006000000,0,-49.79626892080,-65.09709661000
273,0.00000000000,,2140320.15006000000,0,-49.76129205690,-65.30014271850
274,0.00000000000,,2140320.15006000000,0,-49.71042811610,-65.50367742080
275,0.00000000000,,2140320.15006000000,0,-49.67249827050,-65.70560443130
276,0.00000000000,,2140320.15006000000,0,-49.73804696060,-65.86609872800
277,0.00000000000,,2140320.15006000000,0,-49.85368879280,-65.74706708900
278,0.00000000000,,2140320.15006000000,0,-49.88920954440,-65.54261867830
279,0.00000000000,,2140320.15006000000,0,-49.97387532390,-65.38794770250
280,0.00000000000,,2140320.15006000000,0,-50.02084286480,-65.19278849960
281,0.00000000000,,2140320.15006000000,0,-50.12419807970,-65.04479481690
282,0.00000000000,,2140320.15006000000,0,-50.20659768810,-64.87725727800
283,0.00000000000,,2140320.15006000000,0,-50.24074763150,-64.66678792980
284,0.00000000000,,2140320.15006000000,0,-50.27900471990,-64.45995153440
285,0.00000000000,,2140320.15006000000,0,-50.37495562440,-64.30341240090
286,0.00000000000,,2140320.15006000000,0,-51.58834314210,-64.87548172890
287,0.00000000000,,2140320.15006000000,0,-51.68602436330,-65.02933083640
288,0.00000000000,,2140320.15006000000,0,-51.80591175210,-65.15826874550
289,0.00000000000,,2140320.15006000000,0,-51.88961753540,-65.33402252680
290,0.00000000000,,2140320.15006000000,0,-51.94138077650,-65.54893529240
291,0.00000000000,,2140320.15006000000,0,-51.95069232010,-65.76883043940
292,0.00000000000,,2140320.15006000000,0,-51.90839500860,-65.87861971250
293,0.00000000000,,2140320.15006000000,0,-51.85046352750,-66.45763023580
294,0.00000000000,,2140320.15006000000,0,-51.83838855910,-66.57831652050
295,0.00000000000,,2140320.15006000000,0,-51.91357707120,-66.78566580780
296,0.00000000000,,2140320.15006000000,0,-51.98054272870,-66.99609695110
297,0.00000000000,,2140320.15006000000,0,-52.00745994230,-67.21093134470
298,0.00000000000,,2140320.15006000000,0,-51.98933549720,-67.43968652850
299,0.00000000000,,2140320.15006000000,0,-51.94207373090,-67.66314725120
300,0.00000000000,,2140320.15006000000,0,-51.92992492500,-67.69484969130
301,0.00000000000,,2140320.15006000000,0,-51.97073713350,-68.19266477070
302,0.00000000000,,2140320.15006000000,0,-52.39970768980,-68.00908087840
303,0.00000000000,,2140320.15006000000,0,-52.52133911400,-67.85237252220
304,0.00000000000,,2140320.15006000000,0,-52.63058093110,-67.76933185340
305,0.00000000000,,2140320.15006000000,0,-52.73502301800,-67.61708304060
306,0.00000000000,,2140320.15006000000,0,-52.82063220240,-67.46676717720
307,0.00000000000,,2140320.15006000000,0,-53.05170294830,-67.16905861690
308,0.00000000000,,2140320.15006000000,0,-54.02432914190,-66.32326468770
309,0.00000000000,,2140320.15006000000,0,-53.74530044680,-67.28919485670
310,0.00000000000,,2140320.15006000000,0,-53.66355925840,-67.48122329090
311,0.00000000000,,2140320.15006000000,0,-52.74910415990,-69.62948399390
312,0.00000000000,,2140320.15006000000,0,-52.65385162810,-69.85325361390
313,0.00000000000,,2140320.15006000000,0,-52.44938807400,-70.18871668300
314,0.00000000000,,2140320.15006000000,0,-51.90861847000,-71.07595661930
315,0.00000000000,,2140320.15006000000,0,-52.14458829860,-71.76007713410
316,0.00000000000,,2140320.15006000000,0,-53.29482828560,-71.59141030050
317,0.00000000000,,2140320.15006000000,0,-53.78059260240,-70.93443004530
318,0.00000000000,,2140320.15006000000,0,-53.90724106460,-70.76314216890
319,0.00000000000,,2140320.15006000000,0,-54.27092494990,-70.05823197910
320,0.00000000000,,2140320.15006000000,0,-54.37630818610,-69.90288416850
321,0.00000000000,,2140320.15006000000,0,-54.43963406780,-69.69215735860
322,0.00000000000,,2140320.15006000000,0,-54.47992046040,-69.45132110870
323,0.00000000000,,2140320.15006000000,0,-54.54137717850,-69.23515262770
324,0.00000000000,,2140320.15006000000,0,-55.25469284440,-68.48640548790
325,0.00000000000,,2140320.15006000000,0,-55.23862545430,-68.49086222830
326,0.00000000000,,2140320.15006000000,0,-55.10550654950,-68.58415956050
327,0.00000000000,,2140320.15006000000,0,-55.57642875300,-68.14868846930
328,0.00000000000,,2140320.15006000000,0,-55.93647414860,-68.51321939500
329,0.00000000000,,2140320.15006000000,0,-56.14284174030,-68.72215795920
330,0.00000000000,,2140320.15006000000,0,-56.35035059780,-69.09992743850
331,0.00000000000,,2140320.15006000000,0,-56.64690322060,-69.63980092110
332,0.00000000000,,2140320.15006000000,0,-56.99089757320,-70.26900770510
333,0.00000000000,,2140320.15006000000,0,-56.83362398260,-70.81147621110
334,0.00000000000,,2140320.15006000000,0,-56.62274507540,-70.92122055840
335,0.00000000000,,2140320.15006000000,0,-56.19802050450,-71.14225319180
336,0.00000000000,,2140320.15006000000,0,-55.84642705420,-71.77018817710
337,0.00000000000,,2140320.15006000000,0,-55.50979275230,-72.49259761710
338,0.00000000000,,2140320.15006000000,0,-55.38467280190,-73.23099616100
339,0.00000000000,,2140320.15006000000,0,-55.09472944550,-73.30530321710
340,0.00000000000,,2140320.15006000000,0,-54.96842197470,-73.39354428750
341,0.00000000000,,2140320.15006000000,0,-54.87203902360,-73.56330697620
342,0.00000000000,,2140320.15006000000,0,-54.60701567070,-74.14606650820
343,0.00000000000,,2140320.15006000000,0,-54.42150915770,-74.25501737790
344,0.00000000000,,2140320.15006000000,0,-54.33141156750,-74.28739600970
345,0.00000000000,,2140320.15006000000,0,-54.18503245250,-74.33432256570
346,0.00000000000,,2140320.15006000000,0,-54.05145883530,-74.40712862000
347,0.00000000000,,2140320.15006000000,0,-53.94398209700,-74.53547648220
348,0.00000000000,,2140320.15006000000,0,-53.86283660130,-74.71857992960
349,0.00000000000,,2140320.15006000000,0,-53.79753906420,-74.93462339140
350,0.00000000000,,2140320.15006000000,0,-53.73805774450,-75.16354344160
351,0.00000000000,,2140320.15006000000,0,-53.67454416590,-75.38519466770
352,0.00000000000,,2140320.15006000000,0,-53.52244373060,-75.61681246720
353,0.00000000000,,2140320.15006000000,0,-53.45906963860,-75.65628842820
354,0.00000000000,,2140320.15006000000,0,-53.42023279230,-75.77245878050
355,0.00000000000,,2140320.15006000000,0,-53.12413780360,-76.22335077650
356,0.00000000000,,2140320.15006000000,0,-53.07431675550,-76.26265955950
357,0.00000000000,,2140320.15006000000,0,-52.98353291860,-76.43746320510
358,0.00000000000,,2140320.15006000000,0,-52.85330833440,-76.59657882820
359,0.00000000000,,2140320.15006000000,0,-52.74767271190,-76.72565029120
360,0.00000000000,,2140320.15006000000,0,-52.64510493300,-76.80608069430
361,0.00000000000,,2140320.15006000000,0,-52.58081534850,-76.92952587260
362,0.00000000000,,2140320.15006000000,0,-52.54074551510,-76.97848541630
363,0.00000000000,,2140320.15006000000,0,-52.43279808660,-77.04306680900
364,0.00000000000,,2140320.15006000000,0,-52.31438324300,-77.15206164480
365,0.00000000000,,2140320.15006000000,0,-52.23713978650,-77.34944773560
366,0.00000000000,,2140320.15006000000,0,-51.89922067600,-77.55404234710
367,0.00000000000,,2140320.15006000000,0,-51.61598257800,-77.72553010250
368,0.00000000000,,2140320.15006000000,0,-51.09422818480,-78.02869052080
369,0.00000000000,,2140320.15006000000,0,-50.94277827790,-78.55601371820
370,0.00000000000,,2140320.15006000000,0,-51.00427973710,-79.18662841050
371,0.00000000000,,2140320.15006000000,0,-50.91069263150,-79.57127769690
372,0.00000000000,,2140320.15006000000,0,-50.75444956020,-79.95185046470
373,0.00000000000,,2140320.15006000000,0,-50.56618707870,-80.41041528040
374,0.00000000000,,2140320.15006000000,0,-50.32746091890,-81.16046824890
375,0.00000000000,,2140320.15006000000,0,-50.28893296650,-81.74365781250
376,0.00000000000,,2140320.15006000000,0,-50.17735176080,-82.06627683590
377,0.00000000000,,2140320.15006000000,0,-50.09157301070,-82.31429222650
378,0.00000000000,,2140320.15006000000,0,-50.19782944850,-82.45771708360
379,0.00000000000,,2140320.15006000000,0,-50.25999662580,-82.46906593170
380,0.00000000000,,2140320.15006000000,0,-50.42310073630,-82.61895124900
381,0.00000000000,,2140320.15006000000,0,-50.38930649900,-82.75433676690
382,0.00000000000,,2140320.15006000000,0,-50.39803191350,-82.82195874700
383,0.00000000000,,2140320.15006000000,0,-50.47001660080,-82.91139426660
384,0.00000000000,,2140320.15006000000,0,-50.54200128820,-82.96374676320
385,0.00000000000,,2140320.15006000000,0,-50.59364094470,-83.04996437310
386,0.00000000000,,2140320.15006000000,0,-50.60740941670,-83.16347825770
387,0.00000000000,,2140320.15006000000,0,-50.47218167820,-83.35970005760
389,0.00000000000,,2140320.15006000000,0,-50.65336447050,-84.10333645620
390,0.00000000000,,2140320.15006000000,0,-51.05890950850,-84.36418245070
391,0.00000000000,,2140320.15006000000,0,-51.39386036510,-84.57962237110
392,0.00000000000,,2140320.15006000000,0,-50.78317393230,-85.49016960330
393,0.00000000000,,2140320.15006000000,0,-50.27888528720,-86.08908119930
394,0.00000000000,,2140320.15006000000,0,-50.44116734810,-86.67724365340
395,0.00000000000,,2140320.15006000000,0,-50.59055682640,-86.79477540530
396,0.00000000000,,2140320.15006000000,0,-50.89440842500,-87.03382980060
397,0.00000000000,,2140320.15006000000,0,-51.77984743890,-87.44801386420
398,0.00000000000,,2140320.15006000000,0,-51.78047065170,-87.88486677840
399,0.00000000000,,2140320.15006000000,0,-51.94482495400,-88.34588689010
400,0.00000000000,,2140320.15006000000,0,-52.03672362150,-88.60366617540
401,0.00000000000,,2140320.15006000000,0,-52.02425683620,-88.83030274430
402,0.00000000000,,2140320.15006000000,0,-52.03949619770,-89.05604373950
403,0.00000000000,,2140320.15006000000,0,-52.11427835300,-89.25032137100
404,0.00000000000,,2140320.15006000000,0,-52.21207506280,-89.41829649670
405,0.00000000000,,2140320.15006000000,0,-52.33299426030,-89.53075695550
406,0.00000000000,,2140320.15006000000,0,-52.46855300770,-89.60063761410
407,0.00000000000,,2140320.15006000000,0,-52.72804821480,-90.09613613220
408,0.00000000000,,2140320.15006000000,0,-52.82037523550,-90.27943731510
409,0.00000000000,,2140320.15006000000,0,-52.92805313890,-90.40475951880
410,0.00000000000,,2140320.15006000000,0,-53.05474901340,-90.46297880450
411,0.00000000000,,2140320.15006000000,0,-53.19258213350,-90.48534034070
412,0.00000000000,,2140320.15006000000,0,-53.33719596870,-90.48172199390
413,0.00000000000,,2140320.15006000000,0,-53.48422084680,-90.46198830710
414,0.00000000000,,2140320.15006000000,0,-53.62927564250,-90.43618851290
415,0.00000000000,,2140320.15006000000,0,-53.84189288660,-90.37635650310
416,0.00000000000,,2140320.15006000000,0,-54.46075016450,-90.20220565470
417,0.00000000000,,2140320.15006000000,0,-54.97905452010,-90.52407378160
418,0.00000000000,,2140320.15006000000,0,-55.15681568180,-91.55398172590
419,0.00000000000,,2140320.15006000000,0,-54.91077763210,-91.97112767520
420,0.00000000000,,2140320.15006000000,0,-55.23455752980,-92.84225572110
421,0.00000000000,,2140320.15006000000,0,-54.99493720430,-93.41145484850
422,0.00000000000,,2140320.15006000000,0,-55.10732749930,-93.83275777910
423,0.00000000000,,2140320.15006000000,0,-55.22618967480,-93.96921100220
424,0.00000000000,,2140320.15006000000,0,-55.36370559050,-94.01089853280
425,0.00000000000,,2140320.15006000000,0,-55.50546602720,-94.03594845600
426,0.00000000000,,2140320.15006000000,0,-55.64927979250,-94.05432482910
427,0.00000000000,,2140320.15006000000,0,-55.79293696230,-94.07618272710
428,0.00000000000,,2140320.15006000000,0,-55.32842528060,-95.25690979380
429,0.00000000000,,2140320.15006000000,0,-55.49972926340,-96.09712837930
430,0.00000000000,,2140320.15006000000,0,-55.41099634760,-96.31292658460
431,0.00000000000,,2140320.15006000000,0,-55.37895229950,-96.54781966540
432,0.00000000000,,2140320.15006000000,0,-55.36982559690,-96.79862462240
433,0.00000000000,,2140320.15006000000,0,-55.36958559050,-97.05682262790
434,0.00000000000,,2140320.15006000000,0,-55.36534449580,-97.31764668890
435,0.00000000000,,2140320.15006000000,0,-55.23759614520,-97.41027954970
436,0.00000000000,,2140320.15006000000,0,-55.30776041700,-97.70935136970
437,0.00000000000,,2140320.15006000000,0,-55.44828172950,-97.77266641480
438,0.00000000000,,2140320.15006000000,0,-55.54469802450,-97.94896264940
439,0.00000000000,,2140320.15006000000,0,-55.62488784080,-98.16612736270
440,0.00000000000,,2140320.15006000000,0,-55.72863776140,-98.30113627970
441,0.00000000000,,2140320.15006000000,0,-55.76329812000,-98.54946834700
442,0.00000000000,,2140320.15006000000,0,-55.76803358290,-98.80712523820
443,0.00000000000,,2140320.15006000000,0,-55.74132623070,-99.06405092060
444,0.00000000000,,2140320.15006000000,0,-55.68072030900,-99.28741824990
445,0.00000000000,,2140320.15006000000,0,-55.56102666540,-99.43618627640
446,0.00000000000,,2140320.15006000000,0,-55.42397055050,-99.47798036850
447,0.00000000000,,2140320.15006000000,0,-55.27283953970,-99.47629355620
448,0.00000000000,,2140320.15006000000,0,-55.12877233940,-99.52719345610
449,0.00000000000,,2140320.15006000000,0,-54.99894289620,-99.60110934490
450,0.00000000000,,2140320.15006000000,0,-55.04011849140,-99.77279850940
451,0.00000000000,,2140320.15006000000,0,-55.17621351850,-99.82068057000
452,0.00000000000,,2140320.15006000000,0,-55.46372733140,-99.89234349540
453,0.00000000000,,2140320.15006000000,0,-55.50296534050,-100.12809736500
454,0.00000000000,,2140320.15006000000,0,-55.48266208280,-100.37964600300
455,0.00000000000,,2140320.15006000000,0,-55.44567587300,-100.62395102200
456,0.00000000000,,2140320.15006000000,0,-55.36699384850,-100.83399771600
457,0.00000000000,,2140320.15006000000,0,-55.27884333540,-100.98990389800
458,0.00000000000,,2140320.15006000000,0,-55.22932381730,-101.22715675400
459,0.00000000000,,2140320.15006000000,0,-55.13075821820,-101.40840797600
460,0.00000000000,,2140320.15006000000,0,-55.10451507920,-101.65492085700
461,0.00000000000,,2140320.15006000000,0,-55.01955203050,-101.84461758400
462,0.00000000000,,2140320.15006000000,0,-54.99375893410,-102.09070808800
463,0.00000000000,,2140320.15006000000,0,-54.91549848900,-102.29830307700
464,0.00000000000,,2140320.15006000000,0,-54.90520646340,-102.55062617100
465,0.00000000000,,2140320.15006000000,0,-54.78620714940,-102.69721466600
466,0.00000000000,,2140320.15006000000,0,-54.75354923440,-103.04801522600
467,0.00000000000,,2140320.15006000000,0,-54.69874903330,-103.28402384900
468,0.00000000000,,2140320.15006000000,0,-54.68431807520,-103.49923698100
469,0.00000000000,,2140320.15006000000,0,-54.70694011700,-103.72035952500
470,0.00000000000,,2140320.15006000000,0,-54.72159102440,-103.96456085800
471,0.00000000000,,2140320.15006000000,0,-54.76869266320,-104.20231009100
472,0.00000000000,,2140320.15006000000,0,-54.77664990400,-104.44406811300
473,0.00000000000,,2140320.15006000000,0,-54.75781939580,-104.69153766000
474,0.00000000000,,2140320.15006000000,0,-54.72317308900,-104.93409619000
475,0.00000000000,,2140320.15006000000,0,-54.66960030510,-105.15878712600
476,0.00000000000,,2140320.15006000000,0,-54.57215018310,-105.34237011100
477,0.00000000000,,2140320.15006000000,0,-54.45468508270,-105.48028543900
478,0.00000000000,,2140320.15006000000,0,-54.32741388260,-105.58598990600
479,0.00000000000,,2140320.15006000000,0,-54.20874696260,-105.65693899200
480,0.00000000000,,2140320.15006000000,0,-54.07961961200,-105.68734261500
481,0.00000000000,,2140320.15006000000,0,-53.95122334490,-105.79051037000
482,0.00000000000,,2140320.15006000000,0,-53.82050991970,-105.88165505100
483,0.00000000000,,2140320.15006000000,0,-53.68261355460,-105.92975198200
484,0.00000000000,,2140320.15006000000,0,-53.54119451810,-105.94337317500
485,0.00000000000,,2140320.15006000000,0,-52.77702316580,-107.27686077200
486,0.00000000000,,2140320.15006000000,0,-52.48407496660,-109.05708445900
487,0.00000000000,,2140320.15006000000,0,-51.74043722260,-112.16684228600
488,0.00000000000,,2140320.15006000000,0,-50.11795487780,-115.74982413200
489,0.00000000000,,2140320.15006000000,0,-49.37431713710,-117.01175484500
490,0.00000000000,,2140320.15006000000,0,-48.83405872660,-118.10285517600
491,0.00000000000,,2140320.15006000000,0,-48.15874532900,-118.82221075500
492,0.00000000000,,2140320.15006000000,0,-47.51306450470,-119.01416991900
493,0.00000000000,,2140320.15006000000,0,-46.48346535870,-118.80475992300
494,0.00000000000,,2140320.15006000000,0,-45.78450549760,-118.66024148300
495,0.00000000000,,2140320.15006000000,0,-45.60957111120,-119.06649148300
496,0.00000000000,,2140320.15006000000,0,-45.71946377650,-119.77710111200
497,0.00000000000,,2140320.15006000000,0,-45.65335620690,-120.47274148100
498,0.00000000000,,2140320.15006000000,0,-45.17475256330,-120.69239867000
499,0.00000000000,,2140320.15006000000,0,-44.90437091730,-120.81649148100
500,0.00000000000,,2140320.15006000000,0,-44.77117694810,-121.37899148100
501,0.00000000000,,2140320.15006000000,0,-44.94870532890,-122.00399148000
502,0.00000000000,,2140320.15006000000,0,-44.86000980340,-122.53524148300
503,0.00000000000,,2140320.15006000000,0,-44.77117694810,-122.87899148300
504,0.00000000000,,2140320.15006000000,0,-45.03725970900,-123.50399148200
505,0.00000000000,,2140320.15006000000,0,-44.83781207820,-124.03524148200
506,0.00000000000,,2140320.15006000000,0,-44.48153461390,-123.50399148200
507,0.00000000000,,2140320.15006000000,0,-43.97930535200,-122.49213696900
508,0.00000000000,,2140320.15006000000,0,-43.37685932130,-121.50399148100
509,0.00000000000,,2140320.15006000000,0,-42.55224765570,-120.41024148200
510,0.00000000000,,2140320.15006000000,0,-41.90327609670,-119.41024148200
511,0.00000000000,,2140320.15006000000,0,-41.31822360900,-118.94149148300
512,0.00000000000,,2140320.15006000000,0,-40.79900897810,-119.19149148200
513,0.00000000000,,2140320.15006000000,0,-40.22794498420,-119.78524148200
514,0.00000000000,,2140320.15006000000,0,-38.11741031360,-120.22274148200
515,0.00000000000,,2140320.15006000000,0,-37.37507404190,-120.09774148200
516,0.00000000000,,2140320.15006000000,0,-36.22248233580,-121.06649911200
517,0.00000000000,,2140320.15006000000,0,-35.51248706480,-122.31649911100
518,0.00000000000,,2140320.15006000000,0,-34.38404239360,-123.31649148200
519,0.00000000000,,2140320.15006000000,0,-32.66267169840,-124.47274148200
520,0.00000000000,,2140320.15006000000,0,-32.03968923320,-124.82879908200
521,0.00000000000,,2140320.15006000000,0,-31.86904109810,-124.72274911200
522,0.00000000000,,2140320.15006000000,0,-31.03853287760,-124.77821642300
523,0.00000000000,,2140320.15006000000,0,-30.28829540120,-124.59774148100
524,0.00000000000,,2140320.15006000000,0,-29.10149041110,-124.77821642300
525,0.00000000000,,2140320.15006000000,0,-28.34237917570,-124.62115892700
526,0.00000000000,,2140320.15006000000,0,-27.47856294060,-123.99292893800
527,0.00000000000,,2140320.15006000000,0,-26.69327545530,-123.52175644500
528,0.00000000000,,2140320.15006000000,0,-26.01269296650,-122.78882145700
529,0.00000000000,,2140320.15006000000,0,-23.71660197970,-121.19149148100
530,0.00000000000,,2140320.15006000000,0,-23.25766147330,-121.19149148100
531,0.00000000000,,2140320.15006000000,0,-22.79714359170,-121.03524148100
532,0.00000000000,,2140320.15006000000,0,-22.30614436860,-121.03524148100
533,0.00000000000,,2140320.15006000000,0,-21.81341899720,-121.19149148100
534,0.00000000000,,2140320.15006000000,0,-21.70849920910,-121.18937187700
535,0.00000000000,,2140320.15006000000,0,-21.70869560560,-121.26059332100
536,0.00000000000,,2140320.15006000000,0,-21.55993773960,-121.16893912500
537,0.00000000000,,2140320.15006000000,0,-21.51282049230,-121.01188162800
538,0.00000000000,,2140320.15006000000,0,-21.52590861730,-120.86529463100
539,0.00000000000,,2140320.15006000000,0,-21.53899673900,-120.72917813100
540,0.00000000000,,2140320.15006000000,0,-21.47355611740,-120.61662025900
541,0.00000000000,,2140320.15006000000,0,-21.38455686890,-120.60353213400
542,0.00000000000,,2140320.15006000000,0,-21.30602811900,-120.70561950800
543,0.00000000000,,2140320.15006000000,0,-21.21702887050,-120.94905863000
544,0.00000000000,,2140320.15006000000,0,-21.16467637060,-121.20558587300
545,0.00000000000,,2140320.15006000000,0,-21.02340439570,-121.33251849300
546,0.00000000000,,2140320.15006000000,0,-20.16206666970,-121.31511762500
547,0.00000000000,,2140320.15006000000,0,-19.39750406110,-121.75260999700
548,0.00000000000,,2140320.15006000000,0,-17.73864671870,-121.03386762200
549,0.00000000000,,2140320.15006000000,0,-16.66397020220,-120.59636762600
550,0.00000000000,,2140320.15006000000,0,-14.85952970230,-121.34636762200
551,0.00000000000,,2140320.15006000000,0,-13.28332063790,-122.81511762100
552,0.00000000000,,2140320.15006000000,0,-12.18599244910,-123.28386762700
553,0.00000000000,,2140320.15006000000,0,-11.45188352350,-123.22136762400
554,0.00000000000,,2140320.15006000000,0,-10.93072816700,-122.65886762100
555,0.00000000000,,2140320.15006000000,0,-10.00882932640,-122.40887525200
556,0.00000000000,,2140320.15006000000,0,-8.83735009989,-123.22136762400
557,0.00000000000,,2140320.15006000000,0,-8.06457254160,-123.50261762700
558,0.00000000000,,2140320.15006000000,0,-7.44527885745,-124.09636762600
559,0.00000000000,,2140320.15006000000,0,-6.51471636006,-124.81511762600
560,0.00000000000,,2140320.15006000000,0,-5.86227914507,-125.31511762200
561,0.00000000000,,2140320.15006000000,0,-4.74208375686,-126.06511762500
562,0.00000000000,,2140320.15006000000,0,-4.33709928357,-125.03386762600
563,0.00000000000,,2140320.15006000000,0,-4.89640280257,-124.17935221600
564,0.00000000000,,2140320.15006000000,0,-4.57887911652,-123.37698394700
565,0.00000000000,,2140320.15006000000,0,-4.38318525957,-122.88247426100
566,0.00000000000,,2140320.15006000000,0,-3.47574194559,-122.18444093700
567,0.00000000000,,2140320.15006000000,0,-2.53339696061,-121.59111261900
568,0.00000000000,,2140320.15006000000,0,-1.46601292661,-121.00261762600
569,0.00000000000,,2140320.15006000000,0,-1.05985138022,-121.28386762500
570,0.00000000000,,2140320.15006000000,0,-0.85157417432,-121.42272512400
571,0.00000000000,,2140320.15006000000,0,-0.21613800614,-121.84636762500
572,0.00000000000,,2140320.15006000000,0,0.69012049155,-121.03386762200
573,0.00000000000,,2140320.15006000000,0,0.75261738828,-120.25261762300
574,0.00000000000,,2140320.15006000000,0,1.59620693700,-119.81511762300
575,0.00000000000,,2140320.15006000000,0,1.94950284758,-119.17445351000
576,0.00000000000,,2140320.15006000000,0,2.09596088529,-118.90886762400
577,0.00000000000,,2140320.15006000000,0,2.78285434227,-118.34636762400
578,0.00000000000,,2140320.15006000000,0,4.06183221765,-118.28386762400
579,0.00000000000,,2140320.15006000000,0,4.46035444000,-118.08401274300
580,0.00000000000,,2140320.15006000000,0,4.80960396064,-117.90886762100
581,0.00000000000,,2140320.15006000000,0,5.15206650040,-117.25261762500
582,0.00000000000,,2140320.15006000000,0,5.99184969202,-117.31511762200
583,0.00000000000,,2140320.15006000000,0,6.83034351425,-117.22136762200
584,0.00000000000,,2140320.15006000000,0,7.38853528605,-116.90886762200
585,0.00000000000,,2140320.15006000000,0,7.91507079669,-116.03386762600
586,0.00000000000,,2140320.15006000000,0,8.41002061556,-115.15886762400
587,0.00000000000,,2140320.15006000000,0,8.62636545240,-114.25261762100
588,0.00000000000,,2140320.15006000000,0,8.84258534923,-113.78386762500
589,0.00000000000,,2140320.15006000000,0,9.49047449159,-113.31511762500
590,0.00000000000,,2140320.15006000000,0,9.67536523821,-112.75261762600
591,0.00000000000,,2140320.15006000000,0,10.74656598110,-112.41907581200
592,0.00000000000,,2140320.15006000000,0,10.59825399910,-112.28386762600
593,0.00000000000,,2140320.15006000000,0,10.47535684730,-110.87761762400
594,0.00000000000,,2140320.15006000000,0,10.19934953670,-110.74796150200
595,0.00000000000,,2140320.15006000000,0,9.94282228984,-110.74272625300
596,0.00000000000,,2140320.15006000000,0,9.73864754288,-110.80554925200
597,0.00000000000,,2140320.15006000000,0,9.56588429519,-110.91548949800
598,0.00000000000,,2140320.15006000000,0,9.34600380024,-111.11966424500
599,0.00000000000,,2140320.15006000000,0,9.13135855461,-111.35525049100
600,0.00000000000,,2140320.15006000000,0,8.92194855831,-111.69030648400
601,0.00000000000,,2140320.15006000000,0,8.67589181341,-112.04630347800
602,0.00000000000,,2140320.15006000000,0,8.48218756510,-112.18241997700
603,0.00000000000,,2140320.15006000000,0,8.25183657149,-112.31330122400
604,0.00000000000,,2140320.15006000000,0,8.08954382246,-112.16147897700
605,0.00000000000,,2140320.15006000000,0,8.20471932092,-111.89971648000
606,0.00000000000,,2140320.15006000000,0,8.41412931721,-111.58560148800
607,0.00000000000,,2140320.15006000000,0,8.69683281073,-111.10395849700
608,0.00000000000,,2140320.15006000000,0,8.83818455914,-110.63802125300
609,0.00000000000,,2140320.15006000000,0,8.97953630754,-110.10402576200
610,0.00000000000,,2140320.15006000000,0,9.12088805595,-109.83179276700
611,0.00000000000,,2140320.15006000000,0,9.48735554864,-109.79514601900
612,0.00000000000,,2140320.15006000000,0,9.80147054144,-109.80038126800
613,0.00000000000,,2140320.15006000000,0,10.11558553750,-109.67473527100
614,0.00000000000,,2140320.15006000000,0,10.41923003170,-109.69044101900
615,0.00000000000,,2140320.15006000000,0,10.77522702570,-109.89985101500
616,0.00000000000,,2140320.15006000000,0,11.20706389450,-110.17609130800
617,0.00000000000,,2140320.15006000000,0,11.51837041470,-109.87762525600
618,0.00000000000,,2140320.15006000000,0,12.06901433980,-107.90886762300
619,0.00000000000,,2140320.15006000000,0,11.76323774290,-107.03386762700
620,0.00000000000,,2140320.15006000000,0,11.45711877940,-106.31511762400
621,0.00000000000,,2140320.15006000000,0,11.36521986120,-105.03386762200
622,0.00000000000,,2140320.15006000000,0,11.24263932680,-104.25261762200
623,0.00000000000,,2140320.15006000000,0,11.02800062070,-103.37761762600
624,0.00000000000,,2140320.15006000000,0,10.16790273790,-102.65886762400
625,0.00000000000,,2140320.15006000000,0,9.52129724326,-101.97136762100
626,0.00000000000,,2140320.15006000000,0,9.27464369096,-100.37761762600
627,0.00000000000,,2140320.15006000000,0,9.95250871947,-99.53386762620
628,0.00000000000,,2140320.15006000000,0,9.61374548070,-98.65886762360
629,0.00000000000,,2140320.15006000000,0,10.04483774520,-98.22136762390
630,0.00000000000,,2140320.15006000000,0,10.78250578270,-97.62761762110
631,0.00000000000,,2140320.15006000000,0,11.42648962110,-96.78386762180
632,0.00000000000,,2140320.15006000000,0,12.24653312400,-96.10414161820
633,0.00000000000,,2140320.15006000000,0,12.55752924310,-95.84635999480
634,0.00000000000,,2140320.15006000000,0,12.45720336360,-95.46111778910
635,0.00000000000,,2140320.15006000000,0,12.31338480340,-94.90886762660
636,0.00000000000,,2140320.15006000000,0,12.12912057390,-94.68626143680
637,0.00000000000,,2140320.15006000000,0,11.64083078430,-94.09636762390
638,0.00000000000,,2140320.15006000000,0,11.61022070370,-93.22136762460
639,0.00000000000,,2140320.15006000000,0,11.39585569760,-91.69011762580
640,0.00000000000,,2140320.15006000000,0,11.12000730740,-91.22135999180
641,0.00000000000,,2140320.15006000000,0,10.99732377970,-90.19011762370
642,0.00000000000,,2140320.15006000000,0,10.16536071670,-89.79521906100
643,0.00000000000,,2140320.15006000000,0,9.89566321013,-90.00537812360
644,0.00000000000,,2140320.15006000000,0,9.79750227611,-90.12753395560
645,0.00000000000,,2140320.15006000000,0,9.72988029928,-90.17988645220
646,0.00000000000,,2140320.15006000000,0,9.69934133880,-90.22351353430
647,0.00000000000,,2140320.15006000000,0,9.66225831914,-90.43510488590
748,0.00000000000,,2140320.15006000000,0,5.83231129233,-79.53615957550
1009,0.00000000000,,2140320.15006000000,0,1.37967307421,-119.07519726500
1010,0.00000000000,,2140320.15006000000,0,1.36396732622,-119.22440188900
1127,0.00000000000,,2140320.15006000000,0,-2.56842552062,-88.60663903620
1128,0.00000000000,,2140320.15006000000,0,-2.22813427458,-90.70073899580
1129,0.00000000000,,2140320.15006000000,0,-2.41136802092,-92.69013396560
1130,0.00000000000,,2140320.15006000000,0,-2.57176658612,-93.79688408820
1131,0.00000000000,,2140320.15006000000,0,-2.86930923473,-95.46628994840
1132,0.00000000000,,2140320.15006000000,0,-3.09305946039,-97.43065525990
1133,0.00000000000,,2140320.15006000000,0,-3.17047925956,-99.41743009370
1134,0.00000000000,,2140320.15006000000,0,-2.93489301331,-100.35977507500
1135,0.00000000000,,2140320.15006000000,0,-2.48989676747,-101.09271006400
1136,0.00000000000,,2140320.15006000000,0,-5.18605046937,-102.74181378800
1137,0.00000000000,,2140320.15006000000,0,-4.58399673043,-103.78886376900
1138,0.00000000000,,2140320.15006000000,0,-4.73853556055,-105.16020940900
1139,0.00000000000,,2140320.15006000000,0,-5.27514867462,-107.23249583000
1140,0.00000000000,,2140320.15006000000,0,-6.49486295034,-107.13942371000
1141,0.00000000000,,2140320.15006000000,0,-6.57339169689,-107.87235869500
1142,0.00000000000,,2140320.15006000000,0,-8.01308542431,-108.39588368800
1143,0.00000000000,,2140320.15006000000,0,-9.96242451690,-107.95637597100
1144,0.00000000000,,2140320.15006000000,0,-10.46667254640,-108.78939997300
1145,0.00000000000,,2140320.15006000000,0,-10.38814379330,-111.40702492100
1146,0.00000000000,,2140320.15006000000,0,-9.60686882964,-112.88187463200
1147,0.00000000000,,2140320.15006000000,0,-10.23108629690,-113.34406738800
1148,0.00000000000,,2140320.15006000000,0,-11.69813797410,-112.15414616200
1149,0.00000000000,,2140320.15006000000,0,-13.05812124850,-111.32849617500
1150,0.00000000000,,2140320.15006000000,0,-16.35632868940,-112.06143116300
1151,0.00000000000,,2140320.15006000000,0,-17.90072741330,-113.00377614800
1152,0.00000000000,,2140320.15006000000,0,-19.47130238710,-111.85202116700
1153,0.00000000000,,2140320.15006000000,0,-20.36129487220,-112.42789865300
1154,0.00000000000,,2140320.15006000000,0,-21.68426395510,-112.40068504100
1155,0.00000000000,,2140320.15006000000,0,-23.40275693070,-112.23550322400
1156,0.00000000000,,2140320.15006000000,0,-24.63304065850,-113.23020070600
1157,0.00000000000,,2140320.15006000000,0,-26.33449687880,-114.35577943400
1158,0.00000000000,,2140320.15006000000,0,-28.08830559900,-114.51283693400
1159,0.00000000000,,2140320.15006000000,0,-29.78976181930,-114.19872193700
1160,0.00000000000,,2140320.15006000000,0,-30.60122555460,-112.73285196300
1161,0.00000000000,,2140320.15006000000,0,-31.54357053630,-112.57579446700
1162,0.00000000000,,2140320.15006000000,0,-33.00944051030,-113.20402445600
1163,0.00000000000,,2140320.15006000000,0,-33.11414551010,-111.63344948200
1164,0.00000000000,,2140320.15006000000,0,-32.45973927130,-111.13610074300
1165,0.00000000000,,2140320.15006000000,0,-33.16192934270,-110.50261762400
1166,0.00000000000,,2140320.15006000000,0,-33.57948610420,-110.47135999600
1167,0.00000000000,,2140320.15006000000,0,-33.70956728070,-110.12761762400
1168,0.00000000000,,2140320.15006000000,0,-33.89134141920,-110.15886762400
1169,0.00000000000,,2140320.15006000000,0,-34.56311723940,-110.53386762400
1170,0.00000000000,,2140320.15006000000,0,-34.99944994060,-110.84635999600
1171,0.00000000000,,2140320.15006000000,0,-35.33155367120,-110.72136762400
1172,0.00000000000,,2140320.15006000000,0,-34.92261812390,-109.94011762500
1173,0.00000000000,,2140320.15006000000,0,-34.48587724880,-109.69011762500
1174,0.00000000000,,2140320.15006000000,0,-33.93623781690,-109.18366596700
1175,0.00000000000,,2140320.15006000000,0,-33.34485552080,-109.03386762500
1176,0.00000000000,,2140320.15006000000,0,-32.79411795170,-108.54666948600
1177,0.00000000000,,2140320.15006000000,0,-32.42639085870,-108.22136762600
1178,0.00000000000,,2140320.15006000000,0,-32.42639085870,-107.72136762600
1179,0.00000000000,,2140320.15006000000,0,-32.24156114760,-107.25261762300
1180,0.00000000000,,2140320.15006000000,0,-31.97686311830,-106.78386762400
1181,0.00000000000,,2140320.15006000000,0,-32.00336763670,-106.34636762400
1182,0.00000000000,,2140320.15006000000,0,-32.24156114760,-106.00261762400
1183,0.00000000000,,2140320.15006000000,0,-33.03102800610,-105.84635999700
1184,0.00000000000,,2140320.15006000000,0,-33.52740404270,-105.78386762500
1185,0.00000000000,,2140320.15006000000,0,-33.81998611480,-105.49884192100
1186,0.00000000000,,2140320.15006000000,0,-34.07273027380,-105.25262525300
1187,0.00000000000,,2140320.15006000000,0,-33.91728136280,-105.12761762500
1188,0.00000000000,,2140320.15006000000,0,-33.83441769290,-105.10932864000
1189,0.00000000000,,2140320.15006000000,0,-32.92616960640,-104.90886762500
1190,0.00000000000,,2140320.15006000000,0,-32.84744188450,-104.40886762600
1191,0.00000000000,,2140320.15006000000,0,-33.03102800610,-104.15886762600
1192,0.00000000000,,2140320.15006000000,0,-33.31874772960,-104.12761762600
1193,0.00000000000,,2140320.15006000000,0,-33.34485552080,-103.72136762600
1194,0.00000000000,,2140320.15006000000,0,-33.24037477720,-103.34636762600
1195,0.00000000000,,2140320.15006000000,0,-33.31874772960,-102.84636762400
1196,0.00000000000,,2140320.15006000000,0,-33.16192934270,-102.47136762400
1197,0.00000000000,,2140320.15006000000,0,-33.47528764800,-102.06511762400
1198,0.00000000000,,2140320.15006000000,0,-33.91728136280,-101.69011762400
1199,0.00000000000,,2140320.15006000000,0,-33.96216408130,-101.66140938200
1200,0.00000000000,,2140320.15006000000,0,-34.35699007290,-101.40886762500
1201,0.00000000000,,2140320.15006000000,0,-34.27955553260,-101.09636762500
1202,0.00000000000,,2140320.15006000000,0,-33.99435341020,-100.79260819600
1203,0.00000000000,,2140320.15006000000,0,-33.83944246420,-100.62761762500
1204,0.00000000000,,2140320.15006000000,0,-34.04677053030,-99.37785197050
1205,0.00000000000,,2140320.15006000000,0,-34.07273027380,-99.22136762640
1206,0.00000000000,,2140320.15006000000,0,-34.58884737110,-98.84636762340
1207,0.00000000000,,2140320.15006000000,0,-34.64028474780,-98.50261762370
1208,0.00000000000,,2140320.15006000000,0,-34.92261812390,-98.25261762390
1209,0.00000000000,,2140320.15006000000,0,-35.22951433330,-97.65886762440
1210,0.00000000000,,2140320.15006000000,0,-34.84571382520,-97.15886762480
1211,0.00000000000,,2140320.15006000000,0,-34.84571382520,-96.90886762500
1212,0.00000000000,,2140320.15006000000,0,-34.76873705090,-96.72136762510
1213,0.00000000000,,2140320.15006000000,0,-34.17677375040,-95.86902004680
1214,0.00000000000,,2140320.15006000000,0,-33.68356630490,-95.15886762640
1215,0.00000000000,,2140320.15006000000,0,-34.58605055940,-93.11069903580
1216,0.00000000000,,2140320.15006000000,0,-34.58605055940,-92.18580488630
1217,0.00000000000,,2140320.15006000000,0,-33.99272224150,-91.21728365800
1218,0.00000000000,,2140320.15006000000,0,-34.07125098810,-89.63798326640
1219,0.00000000000,,2140320.15006000000,0,-34.50599363080,-88.91323144000
1220,0.00000000000,,2140320.15006000000,0,-34.35046431650,-88.41642495630
1221,0.00000000000,,2140320.15006000000,0,-33.64370558100,-88.09358454570
1222,0.00000000000,,2140320.15006000000,0,-33.07655350650,-87.58751038560
1223,0.00000000000,,2140320.15006000000,0,-32.76563783360,-86.43604625600
1224,0.00000000000,,2140320.15006000000,0,-32.33372971280,-85.59840626760
1225,0.00000000000,,2140320.15006000000,0,-31.94369945110,-84.70837234580
1226,0.00000000000,,2140320.15006000000,0,-31.77094034550,-83.87077379730
1227,0.00000000000,,2140320.15006000000,0,-31.33903223120,-83.29489631160
1228,0.00000000000,,2140320.15006000000,0,-31.60079472410,-82.99386944050
1229,0.00000000000,,2140320.15006000000,0,-31.06418161330,-82.74519507260
1230,0.00000000000,,2140320.15006000000,0,-30.47521599940,-82.81063569410
1231,0.00000000000,,2140320.15006000000,0,-30.13492475330,-82.36563945160
1232,0.00000000000,,2140320.15006000000,0,-29.59831163590,-81.58035196630
1233,0.00000000000,,2140320.15006000000,0,-28.43346853300,-81.54108758810
1234,0.00000000000,,2140320.15006000000,0,-27.57096110770,-81.84342327570
1235,0.00000000000,,2140320.15006000000,0,-26.98199549380,-81.66018952930
1236,0.00000000000,,2140320.15006000000,0,-25.67318301610,-80.99269516220
1237,0.00000000000,,2140320.15006000000,0,-25.31980364510,-80.70475641940
1238,0.00000000000,,2140320.15006000000,0,-24.06334367060,-80.19431955190
1239,0.00000000000,,2140320.15006000000,0,-22.51894495000,-79.56608956310
1240,0.00000000000,,2140320.15006000000,0,-21.41122543250,-79.04257404520
1241,0.00000000000,,2140320.15006000000,0,-20.35940436210,-78.66300895300
1242,0.00000000000,,2140320.15006000000,0,-19.38546593890,-78.65411361670
1243,0.00000000000,,2140320.15006000000,0,-18.18154040000,-78.93524195120
1244,0.00000000000,,2140320.15006000000,0,-17.21301916840,-80.11317317580
1245,0.00000000000,,2140320.15006000000,0,-16.20523356180,-80.11317317580
1246,0.00000000000,,2140320.15006000000,0,-15.82567794410,-80.34875942530
1247,0.00000000000,,2140320.15006000000,0,-14.81398567830,-80.36462630330
1248,0.00000000000,,2140320.15006000000,0,-13.79963622580,-80.59394363140
1249,0.00000000000,,2140320.15006000000,0,-12.73513541210,-80.90805862090
1250,0.00000000000,,2140320.15006000000,0,-11.28671627020,-82.51353526250
1251,0.00000000000,,2140320.15006000000,0,-10.18731379210,-82.49608442700
1252,0.00000000000,,2140320.15006000000,0,-9.32046465337,-83.08430348760
1253,0.00000000000,,2140320.15006000000,0,-7.60459050450,-84.39822522920
1254,0.00000000000,,2140320.15006000000,0,-7.21375973434,-84.66692138200
1255,0.00000000000,,2140320.15006000000,0,-5.36988849591,-85.30825147670
1256,0.00000000000,,2140320.15006000000,0,-3.84638616342,-85.73265718450
1257,0.00000000000,,2140320.15006000000,0,-3.22283175616,-86.53871532320
1258,0.00000000000,,2140320.15006000000,0,-2.56842552062,-88.60663903620
